ADDR_ID, LAT, LON, HUISNR, STRAAT_ID, STRAATNM, POSTCODE, NISCODE, GEM_NAAM, MATCH_NIS, MATCH_GEM
2002406045, 51.0428521968, 4.00873684755, 12, 66624, Kamershoek, 9290, 42028, Zele, 42003, Berlare
2002406047, 51.0422934552, 4.00877264864, 18, 66624, Kamershoek, 9290, 42028, Zele, 42003, Berlare
2002414111, 51.2064061148, 4.07900086461, 60, 78115, Molenstraat, 9090, 46024, Stekene, 44040, Melle
2002477220, 51.2166265296, 4.431717535, 26, 1148, Helmstraat, 2200, 11002, Antwerpen, 13011, Herentals
2002484443, 50.9947388172, 3.26770301382, 5, 59038, Markt, 8870, 37011, Pittem, 36008, Izegem
2002522500, 50.8603435426, 3.22268354742, 331, 52443, Mellestraat, 8710, 34022, Kortrijk, 37017, Wielsbeke
2002686011, 51.0952635969, 2.60678084454, 201, 60361, Veurnestraat, 8470, 38008, De Panne, 35005, Gistel
2002700813, 51.1668260962, 4.05808851301, 49, 77887, Puiveldestraat, 9190, 46021, Sint-Niklaas, 46024, Stekene
2002711613, 50.7707730156, 3.2952218818, 41, 52384, Leuzestraat, 8540, 34022, Kortrijk, 34009, Deerlijk
2002740901, 51.1612995845, 4.0955875638, 25, 77643, Gentstraat, 9180, 46021, Sint-Niklaas, 44045, Moerbeke
2002799130, 51.0958376472, 2.57276412696, 90, 60241, Dynastielaan, 8470, 38008, De Panne, 35005, Gistel
2002896278, 50.750019418, 4.61329550761, 2, 33803, Kleine Schoolstraat, 3052, 24045, Huldenberg, 24086, Oud-Heverlee
2002899480, 50.9977043739, 4.63465814073, 2, 33932, Klimopdreef, 2850, 24048, Keerbergen, 11005, Boom
2002901270, 50.9390646868, 3.06738096527, 7, 58572, Penninckstraat, 8820, 36019, Staden, 31033, Torhout
2003009737, 51.2182510074, 4.4597574609, 64, 2885, Unolaan, 2620, 11002, Antwerpen, 11018, Hemiksem
2003077052, 50.976897682, 5.12878201978, 2, 114413, Donderbosstraat, 3560, 71020, Halen, 71037, Lummen
2003077053, 50.976858474, 5.1250920706, 4, 114413, Donderbosstraat, 3560, 71020, Halen, 71037, Lummen
2003106860, 51.2802285814, 4.45266515648, 424, 1430, Kapelsesteenweg, 2930, 11002, Antwerpen, 11008, Brasschaat
2003125603, 50.8621621898, 4.76287662087, 118, 32335, Tiensesteenweg, 3040, 24011, Bierbeek, 24045, Huldenberg
2003126001, 50.8229522332, 3.28050087531, 169, 52063, Elfde-julilaan, 8730, 34022, Kortrijk, 31003, Beernem
2003125661, 50.814614124, 4.95070466577, 25, 36815, Vijverstraat, 3500, 24107, Tienen, 71022, Hasselt
2003127674, 50.9534472797, 5.08531744865, 167, 114507, Zelkstraat, 3460, 71020, Halen, 24008, Bekkevoort
2003160788, 51.2315689987, 4.40566047088, 55, 1480, Kattendijkdok, 2321, 11002, Antwerpen, 13014, Hoogstraten
2003169653, 50.8812060566, 4.47180103045, 8, 29704, Kerkstraat, 3080, 23094, Zaventem, 24104, Tervuren
2003169363, 50.9611225151, 4.22973910142, 7, 27805, Dendermondestraat, 1880, 23052, Merchtem, 23039, Kapelle-op-den-Bos
2003170105, 50.8958430481, 4.62420090811, 2B, 33241, Bergstraat, 3018, 24038, Herent, 24062, Leuven
2003170175, 51.0014895862, 4.65259816146, 5A, 34017, Vlieghavenlaan, 2850, 24048, Keerbergen, 11005, Boom
2003169689, 50.8695865938, 4.47731695606, 14, 29890, Wezembeekstraat, 1950, 23094, Zaventem, 23099, Kraainem
2003169362, 50.9610678563, 4.22988829254, 5, 27805, Dendermondestraat, 1880, 23052, Merchtem, 23039, Kapelle-op-den-Bos
2003170168, 51.0051034795, 4.62837367379, 14A, 33980, Putsebaan, 2850, 24048, Keerbergen, 11005, Boom
2003173709, 50.8409810245, 3.25723577168, 196K, 52208, Izegemsestraat, 8710, 34022, Kortrijk, 37017, Wielsbeke
2003175256, 51.09443809, 2.59130250831, 2B, 60200, Adinkerkelaan, 8470, 38008, De Panne, 35005, Gistel
2003174988, 50.9581139594, 3.07773611636, 10A, 58467, Diksmuidesteenweg, 8820, 36019, Staden, 31033, Torhout
2003175009, 50.9343746353, 3.43281163616, 51, 58653, Brugstraat, 8730, 37002, Dentergem, 31003, Beernem
2003174764, 50.8550002441, 3.13014942906, 28A, 57414, Hemelhoek, 8650, 36010, Ledegem, 32006, Houthulst
2003176184, 51.0295019994, 3.84993216052, 26, 65716, Dorpsstraat, 9260, 42010, Laarne, 42026, Wichelen
2003176124, 51.0287756296, 4.09527041825, 135A, 65410, Varenberg, 9320, 42006, Dendermonde, 41002, Aalst
2003176757, 51.1164622053, 3.71070992313, 14A, 69073, Hoevestraat, 9050, 44019, Evergem, 44021, Gent
2003177643, 51.0215842524, 3.75235446474, 139, 72782, Hundelgemsesteenweg, 9220, 44043, Merelbeke, 42008, Hamme
2003178281, 51.167398532, 4.07442446082, 1A, 77564, Bosstraat, 9180, 46021, Sint-Niklaas, 44045, Moerbeke
2003189315, 50.9534472797, 5.08531744865, 105A, 114507, Zelkstraat, 3460, 71020, Halen, 24008, Bekkevoort
2003190165, 51.2176553898, 5.37048215536, 8, 119458, Industrielaan, 3583, 72029, Overpelt, 71004, Beringen
2003190156, 51.2244712945, 5.41387296702, 2A, 119387, Bergeykseweg, 3583, 72029, Overpelt, 71004, Beringen
2003190164, 51.2172224868, 5.36944056269, 18A, 119458, Industrielaan, 3583, 72029, Overpelt, 71004, Beringen
2003204527, 50.9195968245, 4.444363211, 11B, 27496, Wilgenstraat, 1800, 23047, Machelen, 23088, Vilvoorde
2003204535, 50.9194410177, 4.44384146084, 14A, 27496, Wilgenstraat, 1800, 23047, Machelen, 23088, Vilvoorde
2003204528, 50.9195968245, 4.444363211, 11C, 27496, Wilgenstraat, 1800, 23047, Machelen, 23088, Vilvoorde
2003204536, 50.9194410177, 4.44384146084, 14B, 27496, Wilgenstraat, 1800, 23047, Machelen, 23088, Vilvoorde
2003204532, 50.9194911597, 4.44400921168, 13A, 27496, Wilgenstraat, 1800, 23047, Machelen, 23088, Vilvoorde
2003204529, 50.9195467716, 4.44419745054, 12A, 27496, Wilgenstraat, 1800, 23047, Machelen, 23088, Vilvoorde
2003204537, 50.9194410177, 4.44384146084, 14C, 27496, Wilgenstraat, 1800, 23047, Machelen, 23088, Vilvoorde
2003204533, 50.9194911597, 4.44400921168, 13B, 27496, Wilgenstraat, 1800, 23047, Machelen, 23088, Vilvoorde
2003204526, 50.9195968245, 4.444363211, 11A, 27496, Wilgenstraat, 1800, 23047, Machelen, 23088, Vilvoorde
2003204534, 50.9194911597, 4.44400921168, 13C, 27496, Wilgenstraat, 1800, 23047, Machelen, 23088, Vilvoorde
2003204530, 50.9195467716, 4.44419745054, 12B, 27496, Wilgenstraat, 1800, 23047, Machelen, 23088, Vilvoorde
2003204531, 50.9195467716, 4.44419745054, 12C, 27496, Wilgenstraat, 1800, 23047, Machelen, 23088, Vilvoorde
2003217673, 51.1496897291, 4.18604074861, 82A, 77619, Eigenlostraat, 9140, 46021, Sint-Niklaas, 46025, Temse
2003217691, 51.1787544065, 4.2311253445, 4A, 76212, Bankstraat, 9140, 46003, Beveren, 46025, Temse
2003217682, 51.1496897291, 4.18604074861, 84, 77619, Eigenlostraat, 9140, 46021, Sint-Niklaas, 46025, Temse
2003217698, 51.1496897291, 4.18604074861, 86, 77619, Eigenlostraat, 9140, 46021, Sint-Niklaas, 46025, Temse
2003217681, 51.1496897291, 4.18604074861, 82, 77619, Eigenlostraat, 9140, 46021, Sint-Niklaas, 46025, Temse
2003217677, 51.1496897291, 4.18604074861, 80, 77619, Eigenlostraat, 9140, 46021, Sint-Niklaas, 46025, Temse
2003217696, 51.1769581365, 4.22625122682, 1A, 76212, Bankstraat, 9140, 46003, Beveren, 46025, Temse
2003221532, 51.0262307711, 4.3320944892, 2, 26902, Bessemstraat, 2830, 23039, Kapelle-op-den-Bos, 12040, Willebroek
2003221540, 51.0163670489, 4.34174698696, 118A, 26905, Bormstraat, 2830, 23039, Kapelle-op-den-Bos, 12040, Willebroek
2003221548, 51.0163670489, 4.34174698696, 60A, 26905, Bormstraat, 2830, 23039, Kapelle-op-den-Bos, 12040, Willebroek
2003221556, 51.0163670489, 4.34174698696, 64C, 26905, Bormstraat, 2830, 23039, Kapelle-op-den-Bos, 12040, Willebroek
2003221564, 51.0163670489, 4.34174698696, 96, 26905, Bormstraat, 2830, 23039, Kapelle-op-den-Bos, 12040, Willebroek
2003221572, 51.0270444718, 4.34047565708, 147A, 140102, Beekstraat, 2830, 23039, Kapelle-op-den-Bos, 12040, Willebroek
2003221539, 51.0163670489, 4.34174698696, 112, 26905, Bormstraat, 2830, 23039, Kapelle-op-den-Bos, 12040, Willebroek
2003221547, 51.0163670489, 4.34174698696, 52, 26905, Bormstraat, 2830, 23039, Kapelle-op-den-Bos, 12040, Willebroek
2003221555, 51.0163670489, 4.34174698696, 64A, 26905, Bormstraat, 2830, 23039, Kapelle-op-den-Bos, 12040, Willebroek
2003221563, 51.0163670489, 4.34174698696, 94, 26905, Bormstraat, 2830, 23039, Kapelle-op-den-Bos, 12040, Willebroek
2003221571, 51.0270444718, 4.34047565708, 147, 140102, Beekstraat, 2830, 23039, Kapelle-op-den-Bos, 12040, Willebroek
2003221533, 51.0163670489, 4.34174698696, 102, 26905, Bormstraat, 2830, 23039, Kapelle-op-den-Bos, 12040, Willebroek
2003221541, 51.0163670489, 4.34174698696, 120, 26905, Bormstraat, 2830, 23039, Kapelle-op-den-Bos, 12040, Willebroek
2003221549, 51.0163670489, 4.34174698696, 60B, 26905, Bormstraat, 2830, 23039, Kapelle-op-den-Bos, 12040, Willebroek
2003221557, 51.0163670489, 4.34174698696, 66A, 26905, Bormstraat, 2830, 23039, Kapelle-op-den-Bos, 12040, Willebroek
2003221535, 51.0163670489, 4.34174698696, 104, 26905, Bormstraat, 2830, 23039, Kapelle-op-den-Bos, 12040, Willebroek
2003221543, 51.0163670489, 4.34174698696, 44, 26905, Bormstraat, 2830, 23039, Kapelle-op-den-Bos, 12040, Willebroek
2003221551, 51.0163670489, 4.34174698696, 62A, 26905, Bormstraat, 2830, 23039, Kapelle-op-den-Bos, 12040, Willebroek
2003221559, 51.0163670489, 4.34174698696, 86, 26905, Bormstraat, 2830, 23039, Kapelle-op-den-Bos, 12040, Willebroek
2003221567, 51.0256344424, 4.36936438581, 11, 27006, Trieststraat, 2830, 23039, Kapelle-op-den-Bos, 12040, Willebroek
2003221575, 51.0270444718, 4.34047565708, 149A, 140102, Beekstraat, 2830, 23039, Kapelle-op-den-Bos, 12040, Willebroek
2003221538, 51.0163670489, 4.34174698696, 110, 26905, Bormstraat, 2830, 23039, Kapelle-op-den-Bos, 12040, Willebroek
2003221546, 51.0163670489, 4.34174698696, 50, 26905, Bormstraat, 2830, 23039, Kapelle-op-den-Bos, 12040, Willebroek
2003221554, 51.0163670489, 4.34174698696, 64, 26905, Bormstraat, 2830, 23039, Kapelle-op-den-Bos, 12040, Willebroek
2003221562, 51.0163670489, 4.34174698696, 92, 26905, Bormstraat, 2830, 23039, Kapelle-op-den-Bos, 12040, Willebroek
2003221570, 51.0256344424, 4.36936438581, 7, 27006, Trieststraat, 2830, 23039, Kapelle-op-den-Bos, 12040, Willebroek
2003221534, 51.0163670489, 4.34174698696, 102A, 26905, Bormstraat, 2830, 23039, Kapelle-op-den-Bos, 12040, Willebroek
2003221542, 51.0163670489, 4.34174698696, 42, 26905, Bormstraat, 2830, 23039, Kapelle-op-den-Bos, 12040, Willebroek
2003221550, 51.0163670489, 4.34174698696, 62, 26905, Bormstraat, 2830, 23039, Kapelle-op-den-Bos, 12040, Willebroek
2003221558, 51.0163670489, 4.34174698696, 66B, 26905, Bormstraat, 2830, 23039, Kapelle-op-den-Bos, 12040, Willebroek
2003221566, 51.0295866895, 4.37674662658, 188, 26970, Moerstraat, 2830, 23039, Kapelle-op-den-Bos, 12040, Willebroek
2003221574, 51.0270444718, 4.34047565708, 149, 140102, Beekstraat, 2830, 23039, Kapelle-op-den-Bos, 12040, Willebroek
2003221537, 51.0163670489, 4.34174698696, 108, 26905, Bormstraat, 2830, 23039, Kapelle-op-den-Bos, 12040, Willebroek
2003221545, 51.0163670489, 4.34174698696, 48, 26905, Bormstraat, 2830, 23039, Kapelle-op-den-Bos, 12040, Willebroek
2003221553, 51.0163670489, 4.34174698696, 62C, 26905, Bormstraat, 2830, 23039, Kapelle-op-den-Bos, 12040, Willebroek
2003221561, 51.0163670489, 4.34174698696, 90, 26905, Bormstraat, 2830, 23039, Kapelle-op-den-Bos, 12040, Willebroek
2003221569, 51.0256344424, 4.36936438581, 25, 27006, Trieststraat, 2830, 23039, Kapelle-op-den-Bos, 12040, Willebroek
2003221536, 51.0163670489, 4.34174698696, 106, 26905, Bormstraat, 2830, 23039, Kapelle-op-den-Bos, 12040, Willebroek
2003221544, 51.0163670489, 4.34174698696, 46, 26905, Bormstraat, 2830, 23039, Kapelle-op-den-Bos, 12040, Willebroek
2003221552, 51.0163670489, 4.34174698696, 62B, 26905, Bormstraat, 2830, 23039, Kapelle-op-den-Bos, 12040, Willebroek
2003221560, 51.0163670489, 4.34174698696, 88, 26905, Bormstraat, 2830, 23039, Kapelle-op-den-Bos, 12040, Willebroek
2003221568, 51.0256344424, 4.36936438581, 15, 27006, Trieststraat, 2830, 23039, Kapelle-op-den-Bos, 12040, Willebroek
2003221565, 51.0295866895, 4.37674662658, 186, 26970, Moerstraat, 2830, 23039, Kapelle-op-den-Bos, 12040, Willebroek
2003221573, 51.0270444718, 4.34047565708, 147B, 140102, Beekstraat, 2830, 23039, Kapelle-op-den-Bos, 12040, Willebroek
2003326629, 51.1706487916, 4.42851072979, 28, 604, De Burletlaan, 2650, 11002, Antwerpen, 11013, Edegem
2003326788, 51.1706487916, 4.42851072979, 46, 604, De Burletlaan, 2650, 11002, Antwerpen, 11013, Edegem
2003326637, 51.1706487916, 4.42851072979, 16, 604, De Burletlaan, 2650, 11002, Antwerpen, 11013, Edegem
2003326656, 51.1706487916, 4.42851072979, 30, 604, De Burletlaan, 2650, 11002, Antwerpen, 11013, Edegem
2003326719, 51.1550055886, 4.48389821919, 44, 140395, Grensstraat, 2540, 11004, Boechout, 11021, Hove
2003327003, 51.1550055886, 4.48389821919, 40, 140395, Grensstraat, 2540, 11004, Boechout, 11021, Hove
2003326628, 51.1706487916, 4.42851072979, 24, 604, De Burletlaan, 2650, 11002, Antwerpen, 11013, Edegem
2003326649, 51.1706487916, 4.42851072979, 44, 604, De Burletlaan, 2650, 11002, Antwerpen, 11013, Edegem
2003326787, 51.1706487916, 4.42851072979, 4, 604, De Burletlaan, 2650, 11002, Antwerpen, 11013, Edegem
2003326991, 51.1550055886, 4.48389821919, 28, 140395, Grensstraat, 2540, 11004, Boechout, 11021, Hove
2003327001, 51.1550055886, 4.48389821919, 46, 140395, Grensstraat, 2540, 11004, Boechout, 11021, Hove
2003327067, 51.1550055886, 4.48389821919, 26, 140395, Grensstraat, 2540, 11004, Boechout, 11021, Hove
2003326626, 51.1706487916, 4.42851072979, 18, 604, De Burletlaan, 2650, 11002, Antwerpen, 11013, Edegem
2003326643, 51.1706487916, 4.42851072979, 40, 604, De Burletlaan, 2650, 11002, Antwerpen, 11013, Edegem
2003326782, 51.1706487916, 4.42851072979, 38, 604, De Burletlaan, 2650, 11002, Antwerpen, 11013, Edegem
2003326627, 51.1706487916, 4.42851072979, 22, 604, De Burletlaan, 2650, 11002, Antwerpen, 11013, Edegem
2003326647, 51.1581651052, 4.48406357827, 80, 3331, Appelkantstraat, 2540, 11004, Boechout, 11021, Hove
2003326638, 51.1706487916, 4.42851072979, 2, 604, De Burletlaan, 2650, 11002, Antwerpen, 11013, Edegem
2003326659, 51.1581651052, 4.48406357827, 78, 3331, Appelkantstraat, 2540, 11004, Boechout, 11021, Hove
2003326639, 51.1706487916, 4.42851072979, 26, 604, De Burletlaan, 2650, 11002, Antwerpen, 11013, Edegem
2003326992, 51.1550055886, 4.48389821919, 36, 140395, Grensstraat, 2540, 11004, Boechout, 11021, Hove
2003327068, 51.1550055886, 4.48389821919, 42, 140395, Grensstraat, 2540, 11004, Boechout, 11021, Hove
2003326625, 51.1706487916, 4.42851072979, 14, 604, De Burletlaan, 2650, 11002, Antwerpen, 11013, Edegem
2003326640, 51.1706487916, 4.42851072979, 42, 604, De Burletlaan, 2650, 11002, Antwerpen, 11013, Edegem
2003326781, 51.1706487916, 4.42851072979, 20, 604, De Burletlaan, 2650, 11002, Antwerpen, 11013, Edegem
2003326786, 51.1706487916, 4.42851072979, 32, 604, De Burletlaan, 2650, 11002, Antwerpen, 11013, Edegem
2003327065, 51.1550055886, 4.48389821919, 30, 140395, Grensstraat, 2540, 11004, Boechout, 11021, Hove
2003326720, 51.1550055886, 4.48389821919, 48, 140395, Grensstraat, 2540, 11004, Boechout, 11021, Hove
2003365989, 51.1498337519, 2.71783822427, 257, 61194, Zeedijk, 8430, 38016, Nieuwpoort, 35011, Middelkerke
2003372682, 51.0254438433, 4.00272965033, 31A, 64681, Dorp, 9260, 42003, Berlare, 42026, Wichelen
2003373508, 51.1891423291, 4.44922018909, 305, 666, Deurnestraat, 2640, 11002, Antwerpen, 11029, Mortsel
2003373516, 51.1891423291, 4.44922018909, 321, 666, Deurnestraat, 2640, 11002, Antwerpen, 11029, Mortsel
2003373575, 51.1880843913, 4.44518069251, 43, 1188, Het Prieel, 2640, 11002, Antwerpen, 11029, Mortsel
2003372681, 51.0254438433, 4.00272965033, 29B, 64681, Dorp, 9260, 42003, Berlare, 42026, Wichelen
2003373506, 51.1891423291, 4.44922018909, 301, 666, Deurnestraat, 2640, 11002, Antwerpen, 11029, Mortsel
2003373514, 51.1891423291, 4.44922018909, 317, 666, Deurnestraat, 2640, 11002, Antwerpen, 11029, Mortsel
2003373522, 51.1878477494, 4.42845563136, 300, 1071, Grotesteenweg, 2640, 11002, Antwerpen, 11029, Mortsel
2003372677, 51.0249657368, 4.00404385277, 16, 64681, Dorp, 9260, 42003, Berlare, 42026, Wichelen
2003372679, 51.0250172482, 4.00410317482, 20, 64681, Dorp, 9260, 42003, Berlare, 42026, Wichelen
2003372680, 51.0254438433, 4.00272965033, 29A, 64681, Dorp, 9260, 42003, Berlare, 42026, Wichelen
2003373512, 51.1891423291, 4.44922018909, 313, 666, Deurnestraat, 2640, 11002, Antwerpen, 11029, Mortsel
2003373520, 51.1878477494, 4.42845563136, 296, 1071, Grotesteenweg, 2640, 11002, Antwerpen, 11029, Mortsel
2003373507, 51.1891423291, 4.44922018909, 303, 666, Deurnestraat, 2640, 11002, Antwerpen, 11029, Mortsel
2003373515, 51.1891423291, 4.44922018909, 319, 666, Deurnestraat, 2640, 11002, Antwerpen, 11029, Mortsel
2003373523, 51.1878477494, 4.42845563136, 302, 1071, Grotesteenweg, 2640, 11002, Antwerpen, 11029, Mortsel
2003373505, 51.1891423291, 4.44922018909, 299, 666, Deurnestraat, 2640, 11002, Antwerpen, 11029, Mortsel
2003373513, 51.1891423291, 4.44922018909, 315, 666, Deurnestraat, 2640, 11002, Antwerpen, 11029, Mortsel
2003373521, 51.1878477494, 4.42845563136, 298, 1071, Grotesteenweg, 2640, 11002, Antwerpen, 11029, Mortsel
2003373510, 51.1891423291, 4.44922018909, 309, 666, Deurnestraat, 2640, 11002, Antwerpen, 11029, Mortsel
2003373518, 51.1891423291, 4.44922018909, 325, 666, Deurnestraat, 2640, 11002, Antwerpen, 11029, Mortsel
2003373577, 51.175925441, 4.42297064815, 253, 2167, Oosterveldlaan, 2640, 11002, Antwerpen, 11029, Mortsel
2003372676, 51.0251286687, 4.00087529121, 13, 64681, Dorp, 9260, 42003, Berlare, 42026, Wichelen
2003372678, 51.0251955226, 4.00109783634, 17A, 64681, Dorp, 9260, 42003, Berlare, 42026, Wichelen
2003373511, 51.1891423291, 4.44922018909, 311, 666, Deurnestraat, 2640, 11002, Antwerpen, 11029, Mortsel
2003373509, 51.1891423291, 4.44922018909, 307, 666, Deurnestraat, 2640, 11002, Antwerpen, 11029, Mortsel
2003373517, 51.1891423291, 4.44922018909, 323, 666, Deurnestraat, 2640, 11002, Antwerpen, 11029, Mortsel
2003373576, 51.175925441, 4.42297064815, 251, 2167, Oosterveldlaan, 2640, 11002, Antwerpen, 11029, Mortsel
2003373519, 51.1878477494, 4.42845563136, 294, 1071, Grotesteenweg, 2640, 11002, Antwerpen, 11029, Mortsel
2003373578, 51.175925441, 4.42297064815, 255, 2167, Oosterveldlaan, 2640, 11002, Antwerpen, 11029, Mortsel
2003376339, 51.1713794851, 3.75784091239, 25A, 69250, Spechtstraat, 9000, 44019, Evergem, 44021, Gent
2003376062, 51.2953596251, 3.07531121693, 75, 56561, Duindistellaan, 8370, 35029, De Haan, 31004, Blankenberge
2003374188, 50.8746150368, 3.55486973677, 11, 75680, Kalverstraat, 9770, 45061, Wortegem-Petegem, 45017, Kruishoutem
2003376370, 51.1713794851, 3.75784091239, 25, 69250, Spechtstraat, 9000, 44019, Evergem, 44021, Gent
2003377060, 51.0538142988, 3.93270835539, 49, 141856, DONKERWEGEL, 9270, 42003, Berlare, 42010, Laarne
2003406057, 50.8250198309, 3.23410046149, 526, 52436, Meensesteenweg, 8560, 34022, Kortrijk, 34041, Wevelgem
2003406050, 50.8250198309, 3.23410046149, 532, 52436, Meensesteenweg, 8560, 34022, Kortrijk, 34041, Wevelgem
2003405756, 51.1424000393, 3.64799616026, 1A, 68983, Bosstraat, 9920, 44019, Evergem, 44036, Lovendegem
2003406021, 50.8250198309, 3.23410046149, 524, 52436, Meensesteenweg, 8560, 34022, Kortrijk, 34041, Wevelgem
2003406061, 50.8250198309, 3.23410046149, 534, 52436, Meensesteenweg, 8560, 34022, Kortrijk, 34041, Wevelgem
2003405755, 51.1432718168, 3.64585077024, 19, 68983, Bosstraat, 9920, 44019, Evergem, 44036, Lovendegem
2003405757, 51.1432718168, 3.64585077024, 20, 68983, Bosstraat, 9920, 44019, Evergem, 44036, Lovendegem
2003419200, 51.0999063813, 5.21837533194, 94, 115550, Pater Clement Lemmensstraat, 3581, 71034, Leopoldsburg, 71004, Beringen
2003419199, 51.0999063813, 5.21837533194, 78, 115550, Pater Clement Lemmensstraat, 3581, 71034, Leopoldsburg, 71004, Beringen
2003420669, 50.8446985113, 4.98158662597, 63, 36795, Uilstraat, 3472, 24107, Tienen, 24054, Kortenaken
2003420695, 50.9831442886, 5.09611255767, 24, 114471, Oude Schansstraat, 3470, 71020, Halen, 24054, Kortenaken
2003420703, 50.9853184187, 5.09551655023, 65, 114471, Oude Schansstraat, 3470, 71020, Halen, 24054, Kortenaken
2003420671, 50.8446985113, 4.98158662597, 67, 36795, Uilstraat, 3472, 24107, Tienen, 24054, Kortenaken
2003420697, 50.9853184187, 5.09551655023, 56, 114471, Oude Schansstraat, 3470, 71020, Halen, 24054, Kortenaken
2003418777, 51.0999063813, 5.21837533194, 82, 115550, Pater Clement Lemmensstraat, 3581, 71034, Leopoldsburg, 71004, Beringen
2003418913, 51.0999063813, 5.21837533194, 92, 115550, Pater Clement Lemmensstraat, 3581, 71034, Leopoldsburg, 71004, Beringen
2003420675, 50.8445612104, 4.98229578665, 79, 36795, Uilstraat, 3472, 24107, Tienen, 24054, Kortenaken
2003420701, 50.9853184187, 5.09551655023, 62, 114471, Oude Schansstraat, 3470, 71020, Halen, 24054, Kortenaken
2003420670, 50.8446985113, 4.98158662597, 65, 36795, Uilstraat, 3472, 24107, Tienen, 24054, Kortenaken
2003420696, 50.9853184187, 5.09551655023, 54, 114471, Oude Schansstraat, 3470, 71020, Halen, 24054, Kortenaken
2003420704, 50.9853184187, 5.09551655023, 66, 114471, Oude Schansstraat, 3470, 71020, Halen, 24054, Kortenaken
2003421543, 50.8424292204, 4.47127376339, 7, 31047, Bloemenlaan, 1950, 23103, Wezembeek-Oppem, 23099, Kraainem
2003421580, 50.8449177946, 4.4726905888, 44, 31074, Ferdinand Kinnenstraat, 1950, 23103, Wezembeek-Oppem, 23099, Kraainem
2003421588, 50.8422044021, 4.47075049981, 74, 31142, Oppemlaan, 1950, 23103, Wezembeek-Oppem, 23099, Kraainem
2003420705, 50.9853184187, 5.09551655023, 68, 114471, Oude Schansstraat, 3470, 71020, Halen, 24054, Kortenaken
2003421545, 50.8388516979, 4.48365746, 90, 31060, de Grunnelaan, 1950, 23103, Wezembeek-Oppem, 23099, Kraainem
2003421582, 50.8449177946, 4.4726905888, 48, 31074, Ferdinand Kinnenstraat, 1950, 23103, Wezembeek-Oppem, 23099, Kraainem
2003421541, 50.8428392101, 4.47150368016, 3, 31047, Bloemenlaan, 1950, 23103, Wezembeek-Oppem, 23099, Kraainem
2003421586, 50.8449177946, 4.4726905888, 58, 31074, Ferdinand Kinnenstraat, 1950, 23103, Wezembeek-Oppem, 23099, Kraainem
2003420668, 50.8446507, 4.98025922884, 57, 36795, Uilstraat, 3472, 24107, Tienen, 24054, Kortenaken
2003420677, 50.8618643939, 5.02486864995, 101, 37115, Bredestraat, 3470, 24133, Linter, 24054, Kortenaken
2003420702, 50.9853184187, 5.09551655023, 64, 114471, Oude Schansstraat, 3470, 71020, Halen, 24054, Kortenaken
2003421542, 50.8426342603, 4.47138865038, 5, 31047, Bloemenlaan, 1950, 23103, Wezembeek-Oppem, 23099, Kraainem
2003421587, 50.8449177946, 4.4726905888, 60A, 31074, Ferdinand Kinnenstraat, 1950, 23103, Wezembeek-Oppem, 23099, Kraainem
2003421544, 50.8422242704, 4.47115873561, 9, 31047, Bloemenlaan, 1950, 23103, Wezembeek-Oppem, 23099, Kraainem
2003421581, 50.8449177946, 4.4726905888, 46, 31074, Ferdinand Kinnenstraat, 1950, 23103, Wezembeek-Oppem, 23099, Kraainem
2003420674, 50.8446985113, 4.98158662597, 75, 36795, Uilstraat, 3472, 24107, Tienen, 24054, Kortenaken
2003420700, 50.9853184187, 5.09551655023, 60A, 114471, Oude Schansstraat, 3470, 71020, Halen, 24054, Kortenaken
2003420673, 50.8446985113, 4.98158662597, 73, 36795, Uilstraat, 3472, 24107, Tienen, 24054, Kortenaken
2003420699, 50.9853184187, 5.09551655023, 60, 114471, Oude Schansstraat, 3470, 71020, Halen, 24054, Kortenaken
2003422184, 50.9937758802, 3.77471730832, 80, 72609, Heidestraat, 9820, 44040, Melle, 44043, Merelbeke
2003421477, 50.8670653657, 4.45013426579, 2A, 29690, Jozef Van Hovestraat, 1950, 23094, Zaventem, 23099, Kraainem
2003421584, 50.8449177946, 4.4726905888, 54, 31074, Ferdinand Kinnenstraat, 1950, 23103, Wezembeek-Oppem, 23099, Kraainem
2003420672, 50.8446985113, 4.98158662597, 69, 36795, Uilstraat, 3472, 24107, Tienen, 24054, Kortenaken
2003420698, 50.9853184187, 5.09551655023, 57, 114471, Oude Schansstraat, 3470, 71020, Halen, 24054, Kortenaken
2003421583, 50.8449177946, 4.4726905888, 52, 31074, Ferdinand Kinnenstraat, 1950, 23103, Wezembeek-Oppem, 23099, Kraainem
2003421540, 50.8430442497, 4.47161871114, 1, 31047, Bloemenlaan, 1950, 23103, Wezembeek-Oppem, 23099, Kraainem
2003421585, 50.8449177946, 4.4726905888, 56, 31074, Ferdinand Kinnenstraat, 1950, 23103, Wezembeek-Oppem, 23099, Kraainem
2003433628, 51.1752523417, 4.21278460028, 11, 77951, Tassijnslaan, 9120, 46021, Sint-Niklaas, 46003, Beveren
2003433687, 51.1752523417, 4.21278460028, 1, 77951, Tassijnslaan, 9120, 46021, Sint-Niklaas, 46003, Beveren
2003433778, 51.1752523417, 4.21278460028, 15, 77951, Tassijnslaan, 9120, 46021, Sint-Niklaas, 46003, Beveren
2003433535, 51.1752523417, 4.21278460028, 13, 77951, Tassijnslaan, 9120, 46021, Sint-Niklaas, 46003, Beveren
2003433764, 51.1752523417, 4.21278460028, 5, 77951, Tassijnslaan, 9120, 46021, Sint-Niklaas, 46003, Beveren
2003433763, 51.1752523417, 4.21278460028, 3, 77951, Tassijnslaan, 9120, 46021, Sint-Niklaas, 46003, Beveren
2003444559, 51.0606994209, 4.20611575803, 38, 9255, Halvemaanstraat, 2890, 12007, Bornem, 12034, Sint-Amands
2003445109, 50.9542765079, 5.03040755517, 379, 32040, Kwadestraat, 3290, 24008, Bekkevoort, 24020, Diest
2003445103, 50.9542782191, 5.0304229504, 381, 32040, Kwadestraat, 3290, 24008, Bekkevoort, 24020, Diest
2003445121, 50.9542747975, 5.03039201762, 377, 32040, Kwadestraat, 3290, 24008, Bekkevoort, 24020, Diest
2003445116, 50.9542832611, 5.03046941947, 387, 32040, Kwadestraat, 3290, 24008, Bekkevoort, 24020, Diest
2003445124, 50.9499343343, 5.03462554436, 400, 32080, Wolvenstraat, 3290, 24008, Bekkevoort, 24020, Diest
2003445115, 50.9542815499, 5.03045402423, 385, 32040, Kwadestraat, 3290, 24008, Bekkevoort, 24020, Diest
2003445123, 50.9542798395, 5.03043848668, 383, 32040, Kwadestraat, 3290, 24008, Bekkevoort, 24020, Diest
2003445356, 50.9949081296, 5.10888445215, 110, 114431, Heesstraat, 3290, 71020, Halen, 24020, Diest
2003445357, 50.9949081296, 5.10888445215, 112, 114431, Heesstraat, 3290, 71020, Halen, 24020, Diest
2003453760, 50.7806148512, 4.10202143819, 452, 25573, Ninoofse Steenweg, 9400, 23024, Gooik, 41048, Ninove
2003453735, 50.8661227476, 3.98750961613, 186, 62940, Lebeke, 9400, 41024, Haaltert, 41048, Ninove
2003453743, 50.7806148512, 4.10202143819, 447, 25573, Ninoofse Steenweg, 9400, 23024, Gooik, 41048, Ninove
2003453744, 50.8668883595, 3.9896682101, 162, 62940, Lebeke, 9400, 41024, Haaltert, 41048, Ninove
2003453745, 50.8662245085, 3.98981674673, 166, 62940, Lebeke, 9400, 41024, Haaltert, 41048, Ninove
2003453777, 50.7806148512, 4.10202143819, 454, 25573, Ninoofse Steenweg, 9400, 23024, Gooik, 41048, Ninove
2003456718, 51.2829593649, 4.41586074457, 47, 2140, NSB-straat, 2200, 11002, Antwerpen, 13011, Herentals
2003454463, 50.7463070727, 3.38047397219, 5, 54668, Vierabelen, 8554, 34043, Spiere-Helkijn, 34042, Zwevegem
2003454483, 50.7452470722, 3.37744071403, 13, 54668, Vierabelen, 8554, 34043, Spiere-Helkijn, 34042, Zwevegem
2003514198, 50.9924455142, 4.64081645989, 1, 163435, Dijlezicht, 3110, 24048, Keerbergen, 24094, Rotselaar
2003529604, 50.9035322472, 4.44718737614, 829A, 163465, Bedrijvenzone Machelen Cargo, 1800, 23047, Machelen, 23088, Vilvoorde
1000999448, 50.8621621898, 4.76287662087, 118, 32335, Tiensesteenweg, 3040, 24011, Bierbeek, 24045, Huldenberg
1001012202, 50.8621621898, 4.76287662087, 118, 32335, Tiensesteenweg, 3040, 24011, Bierbeek, 24045, Huldenberg
1001049903, 50.8621621898, 4.76287662087, 118, 32335, Tiensesteenweg, 3040, 24011, Bierbeek, 24045, Huldenberg
1001065192, 50.8621621898, 4.76287662087, 118, 32335, Tiensesteenweg, 3040, 24011, Bierbeek, 24045, Huldenberg
1001073533, 50.8621621898, 4.76287662087, 118, 32335, Tiensesteenweg, 3040, 24011, Bierbeek, 24045, Huldenberg
1001175277, 51.1878477494, 4.42845563136, 296, 1071, Grotesteenweg, 2640, 11002, Antwerpen, 11029, Mortsel
1001175278, 51.1878477494, 4.42845563136, 296, 1071, Grotesteenweg, 2640, 11002, Antwerpen, 11029, Mortsel
